{"cameraMode":{"drawMode":0,"name":"Shaded","section":"Shading Mode"},"sceneLighting":true,"audioPlay":false,"sceneViewState":{"m_AlwaysRefresh":false,"showFog":true,"showSkybox":true,"showFlares":true,"showImageEffects":true,"showParticleSystems":true,"showVisualEffectGraphs":true,"m_FxEnabled":true},"in2DMode":false,"pivot":{"x":-14.122047424316407,"y":0.5833333730697632,"z":-0.26627975702285769},"rotation":{"x":0.22778743505477906,"y":0.7714613080024719,"z":-0.40016040205955508,"w":0.4391477108001709},"size":12.774904251098633,"orthographic":false}