{"cameraMode":{"drawMode":0,"name":"Shaded","section":"Shading Mode"},"sceneLighting":true,"audioPlay":false,"sceneViewState":{"m_AlwaysRefresh":false,"showFog":true,"showSkybox":true,"showFlares":true,"showImageEffects":true,"showParticleSystems":true,"showVisualEffectGraphs":true,"m_FxEnabled":true},"in2DMode":false,"pivot":{"x":14.115320205688477,"y":-0.22901010513305665,"z":-0.25800377130508425},"rotation":{"x":0.43476417660713198,"y":0.5434648990631104,"z":-0.393272340297699,"w":0.6008138656616211},"size":5.145350456237793,"orthographic":false}